{
  "FilterHeaders": [
    {
      "Header": "user-agent",
      "IncludeInScript": false
    },
    {
      "Header": "upgrade-insecure-requests",
      "IncludeInScript": true
    },
    {
      "Header": "sec-fetch-user",
      "IncludeInScript": true
    },
    {
      "Header": "sec-fetch-site",
      "IncludeInScript": true
    },
    {
      "Header": "sec-fetch-mode",
      "IncludeInScript": true
    },
    {
      "Header": "sec-fetch-dest",
      "IncludeInScript": true
    },
    {
      "Header": "sec-ch-ua-platform",
      "IncludeInScript": true
    },
    {
      "Header": "sec-ch-ua-mobile",
      "IncludeInScript": true
    },
    {
      "Header": "sec-ch-ua",
      "IncludeInScript": true
    },
    {
      "Header": "origin",
      "IncludeInScript": true
    },
    {
      "Header": "if-none-match",
      "IncludeInScript": false
    },
    {
      "Header": "if-modified-since",
      "IncludeInScript": false
    },
    {
      "Header": "cache-control",
      "IncludeInScript": false
    },
    {
      "Header": "accept-language",
      "IncludeInScript": false
    },
    {
      "Header": "accept-encoding",
      "IncludeInScript": false
    },
    {
      "Header": "accept",
      "IncludeInScript": false
    }
  ],
  "FilterResources": [
    {
      "IsNonResource": true,
      "type": "text/html"
    }
  ],
  "GeneralInfo": {
    "BrowserVersion": "",
    "IsWinInetMode": false,
    "MaxUsedConnections": 5,
    "RecordedBrowser": "Chrome",
    "RecordingDate": "сен-05-2021",
    "RecordingDuration": 18344,
    "RecordingMode": "N/A",
    "RecordingTimeStamp": 1630854153,
    "RecordingType": "Browser",
    "TotalBytesReceived": 15812,
    "TotalBytesSent": 11403,
    "TotalRequests": 13,
    "UserAgent": "Mozilla/5.0 (Windows NT 10.0; Win64; x64) AppleWebKit/537.36 (KHTML, like Gecko) Chrome/93.0.4577.63 Safari/537.36"
  },
  "HostInfo": [
    {
      "DomainName": "quick-translator.net",
      "Domains": [
        {
          "HTTPVersion": "HTTP/1.1",
          "IP": "104.21.86.102",
          "IncludeInScript": false,
          "Name": "quick-translator.net",
          "Port": 443,
          "Requests": [
            {
              "CompressionType": "br",
              "DataType": "application/json",
              "DownloadTime": 109,
              "EventId": 3588,
              "HttpStatus": 200,
              "Size": 71,
              "URL": "https://quick-translator.net/api/config/index.php"
            }
          ],
          "SSLCipher": "",
          "SSLVersion": ""
        }
      ],
      "IncludeInScript": true
    },
    {
      "DomainName": "letyshops.com",
      "Domains": [
        {
          "HTTPVersion": "HTTP/1.1",
          "IP": "91.228.153.235",
          "IncludeInScript": false,
          "Name": "eapi.letyshops.com",
          "Port": 443,
          "Requests": [
            {
              "CompressionType": "gzip",
              "DataType": "application/json",
              "DownloadTime": 62,
              "EventId": 3631,
              "HttpStatus": 200,
              "Size": 99,
              "URL": "https://eapi.letyshops.com/eapi/dd-list?locale=ru_RU"
            },
            {
              "CompressionType": "gzip",
              "DataType": "application/json",
              "DownloadTime": 62,
              "EventId": 3620,
              "HttpStatus": 200,
              "Size": 1264,
              "URL": "https://eapi.letyshops.com/eapi/simple-similar/offers"
            },
            {
              "CompressionType": "gzip",
              "DataType": "application/json",
              "DownloadTime": 62,
              "EventId": 3614,
              "HttpStatus": 200,
              "Size": 963,
              "URL": "https://eapi.letyshops.com/eapi/settings?version-ext=2.10.49"
            },
            {
              "CompressionType": "gzip",
              "DataType": "application/json",
              "DownloadTime": 109,
              "EventId": 3585,
              "HttpStatus": 200,
              "Size": 85,
              "URL": "https://eapi.letyshops.com/eapi/urls"
            }
          ],
          "SSLCipher": "",
          "SSLVersion": ""
        }
      ],
      "IncludeInScript": true
    },
    {
      "DomainName": "googleapis.com",
      "Domains": [
        {
          "HTTPVersion": "HTTP/1.1",
          "IP": "74.125.131.95",
          "IncludeInScript": false,
          "Name": "www.googleapis.com",
          "Port": 443,
          "Requests": [
            {
              "CompressionType": "gzip",
              "DataType": "application/json",
              "DownloadTime": 63,
              "EventId": 3732,
              "HttpStatus": 200,
              "Size": 349,
              "URL": "https://www.googleapis.com/oauth2/v4/token"
            },
            {
              "CompressionType": "gzip",
              "DataType": "application/json",
              "DownloadTime": 62,
              "EventId": 3694,
              "HttpStatus": 200,
              "Size": 355,
              "URL": "https://www.googleapis.com/oauth2/v4/token"
            }
          ],
          "SSLCipher": "TLS_AES_256_GCM_SHA384",
          "SSLVersion": "TLS1.3"
        },
        {
          "HTTPVersion": "HTTP/1.1",
          "IP": "173.194.222.94",
          "IncludeInScript": false,
          "Name": "update.googleapis.com",
          "Port": 443,
          "Requests": [
            {
              "CompressionType": "gzip",
              "DataType": "application/json",
              "DownloadTime": 109,
              "EventId": 3624,
              "HttpStatus": 200,
              "Size": 615,
              "URL": "https://update.googleapis.com/service/update2/json?cup2key=11:852659759&cup2hreq=04ac7899c1f23eff5300a2d1d889a40fd9dc8e50eb72c270cf2fc67bf7d7b807"
            }
          ],
          "SSLCipher": "",
          "SSLVersion": ""
        },
        {
          "HTTPVersion": "HTTP/1.1",
          "IP": "173.194.220.95",
          "IncludeInScript": false,
          "Name": "passwordsleakcheck-pa.googleapis.com",
          "Port": 443,
          "Requests": [
            {
              "CompressionType": "gzip",
              "DataType": "application/x-protobuf",
              "DownloadTime": 250,
              "EventId": 3746,
              "HttpStatus": 200,
              "Size": 155145,
              "URL": "https://passwordsleakcheck-pa.googleapis.com/v1/leaks:lookupSingle"
            }
          ],
          "SSLCipher": "TLS_AES_256_GCM_SHA384",
          "SSLVersion": "TLS1.3"
        },
        {
          "HTTPVersion": "HTTP/1.1",
          "IP": "173.194.73.94",
          "IncludeInScript": false,
          "Name": "clientservices.googleapis.com",
          "Port": 443,
          "Requests": [
            {
              "CompressionType": "",
              "DataType": "",
              "DownloadTime": 47,
              "EventId": 3547,
              "HttpStatus": 304,
              "Size": 0,
              "URL": "https://clientservices.googleapis.com/chrome-variations/seed?osname=win&channel=stable&milestone=93"
            }
          ],
          "SSLCipher": "TLS_AES_256_GCM_SHA384",
          "SSLVersion": "TLS1.3"
        }
      ],
      "IncludeInScript": true
    },
    {
      "DomainName": "google.com",
      "Domains": [
        {
          "HTTPVersion": "HTTP/1.1",
          "IP": "173.194.73.147",
          "IncludeInScript": false,
          "Name": "www.google.com",
          "Port": 443,
          "Requests": [
            {
              "CompressionType": "br",
              "DataType": "application/json",
              "DownloadTime": 204,
              "EventId": 3592,
              "HttpStatus": 200,
              "Size": 43065,
              "URL": "https://www.google.com/async/newtab_ogb?hl=ru&async=fixed:0"
            },
            {
              "CompressionType": "br",
              "DataType": "application/json",
              "DownloadTime": 125,
              "EventId": 3582,
              "HttpStatus": 200,
              "Size": 33,
              "URL": "https://www.google.com/async/newtab_promos"
            },
            {
              "CompressionType": "br",
              "DataType": "application/json",
              "DownloadTime": 125,
              "EventId": 3579,
              "HttpStatus": 200,
              "Size": 23,
              "URL": "https://www.google.com/async/ddljson?async=ntp:2"
            }
          ],
          "SSLCipher": "",
          "SSLVersion": ""
        },
        {
          "HTTPVersion": "HTTP/1.1",
          "IP": "64.233.165.139",
          "IncludeInScript": false,
          "Name": "clients4.google.com",
          "Port": 443,
          "Requests": [
            {
              "CompressionType": "gzip",
              "DataType": "application/vnd.google.octet-stream-compressible",
              "DownloadTime": 141,
              "EventId": 3722,
              "HttpStatus": 200,
              "Size": 518,
              "URL": "https://clients4.google.com/chrome-sync/command/?client=Google+Chrome&client_id=NxX8AEHNVoWWdHPP9Mw5og%3D%3D"
            },
            {
              "CompressionType": "gzip",
              "DataType": "application/vnd.google.octet-stream-compressible",
              "DownloadTime": 250,
              "EventId": 3720,
              "HttpStatus": 200,
              "Size": 1380,
              "URL": "https://clients4.google.com/chrome-sync/command/?client=Google+Chrome&client_id=NxX8AEHNVoWWdHPP9Mw5og%3D%3D"
            }
          ],
          "SSLCipher": "TLS_AES_256_GCM_SHA384",
          "SSLVersion": "TLS1.3"
        },
        {
          "HTTPVersion": "HTTP/1.1",
          "IP": "64.233.165.102",
          "IncludeInScript": false,
          "Name": "clients2.google.com",
          "Port": 443,
          "Requests": [
            {
              "CompressionType": "gzip",
              "DataType": "text/xml",
              "DownloadTime": 94,
              "EventId": 3628,
              "HttpStatus": 200,
              "Size": 328,
              "URL": "https://clients2.google.com/service/update2/crx?os=win&arch=x64&os_arch=x86_64&nacl_arch=x86-64&prod=chromecrx&prodchannel=&prodversion=93.0.4577.63&lang=ru&acceptformat=crx3&x=id%3Dmgndgikekgjfcpckkfioiadnlibdjbkf%26v%3D0.0.0.0%26installedby%3Dinternal%26uc%26brand%3DSQJL&x=id%3Dfefbhlbobhfkcmfdgmdnjbaaegnhoefp%26v%3D0.0.0.0%26installedby%3Dinternal%26uc%26brand%3DSQJL%26ping%3Dr%253D13%2526e%253D1&x=id%3Dachbnjfnclogjcmjllgdjgdgmpfjiejk%26v%3D0.0.0.0%26installedby%3Dinternal%26uc%26brand%3DSQJL%26ping%3Dr%253D13%2526e%253D1"
            }
          ],
          "SSLCipher": "TLS_AES_256_GCM_SHA384",
          "SSLVersion": "TLS1.3"
        },
        {
          "HTTPVersion": "HTTP/1.1",
          "IP": "173.194.220.84",
          "IncludeInScript": false,
          "Name": "accounts.google.com",
          "Port": 443,
          "Requests": [
            {
              "CompressionType": "gzip",
              "DataType": "application/json",
              "DownloadTime": 78,
              "EventId": 3576,
              "HttpStatus": 200,
              "Size": 190,
              "URL": "https://accounts.google.com/ListAccounts?gpsia=1&source=ChromiumBrowser&json=standard"
            }
          ],
          "SSLCipher": "",
          "SSLVersion": ""
        }
      ],
      "IncludeInScript": true
    },
    {
      "DomainName": "google-analytics.com",
      "Domains": [
        {
          "HTTPVersion": "HTTP/1.1",
          "IP": "64.233.162.97",
          "IncludeInScript": false,
          "Name": "ssl.google-analytics.com",
          "Port": 443,
          "Requests": [
            {
              "CompressionType": "",
              "DataType": "image/gif",
              "DownloadTime": 31,
              "EventId": 3618,
              "HttpStatus": 200,
              "Size": 35,
              "URL": "https://ssl.google-analytics.com/__utm.gif?utmwv=5.7.2&utms=8&utmn=1694082432&utmhn=lbdmhpkmonokeldelekgfefldfboblbj&utmcs=UTF-8&utmsr=1280x720&utmsc=24-bit&utmul=ru-ru&utmje=0&utmfl=-&utmhid=252550096&utmr=-&utmp=%2F_generated_background_page.html&utmht=1630855397321&utmac=UA-71144624-3&utmcc=__utma%3D232062018.401641172.1581843634.1630852149.1630854157.422%3B%2B__utmz%3D232062018.1581843634.1.1.utmcsr%3D(direct)%7Cutmccn%3D(direct)%7Cutmcmd%3D(none)%3B&utmjid=&utmu=qAAAAAAAAAAAAAAAAAAAgAAE~"
            }
          ],
          "SSLCipher": "TLS_AES_256_GCM_SHA384",
          "SSLVersion": "TLS1.3"
        }
      ],
      "IncludeInScript": true
    },
    {
      "DomainName": "ghostery.net",
      "Domains": [
        {
          "HTTPVersion": "HTTP/1.1",
          "IP": "23.21.81.39",
          "IncludeInScript": false,
          "Name": "safe-browsing-quorum.privacy.ghostery.net",
          "Port": 443,
          "Requests": [
            {
              "CompressionType": "",
              "DataType": "application/json",
              "DownloadTime": 140,
              "EventId": 3692,
              "HttpStatus": 200,
              "Size": 36,
              "URL": "https://safe-browsing-quorum.privacy.ghostery.net/config"
            }
          ],
          "SSLCipher": "ECDHE-RSA-AES128-GCM-SHA256",
          "SSLVersion": "TLS1.2"
        },
        {
          "HTTPVersion": "HTTP/1.1",
          "IP": "54.165.250.85",
          "IncludeInScript": false,
          "Name": "collector-hpn.ghostery.net",
          "Port": 443,
          "Requests": [
            {
              "CompressionType": "br",
              "DataType": "application/json",
              "DownloadTime": 141,
              "EventId": 3690,
              "HttpStatus": 200,
              "Size": 38,
              "URL": "https://collector-hpn.ghostery.net/config?fields=ts"
            }
          ],
          "SSLCipher": "ECDHE-RSA-AES128-GCM-SHA256",
          "SSLVersion": "TLS1.2"
        }
      ],
      "IncludeInScript": true
    },
    {
      "DomainName": "ghostery.com",
      "Domains": [
        {
          "HTTPVersion": "HTTP/1.1",
          "IP": "52.22.178.59",
          "IncludeInScript": false,
          "Name": "cmp-cdn.ghostery.com",
          "Port": 443,
          "Requests": [
            {
              "CompressionType": "",
              "DataType": "",
              "DownloadTime": 140,
              "EventId": 3644,
              "HttpStatus": 204,
              "Size": 0,
              "URL": "https://cmp-cdn.ghostery.com/abtestcheck?os=win&install_date=2019-05-13&ir=31&gv=8.5.8&si=0&ua=chrome&v=1297&l=ru"
            },
            {
              "CompressionType": "",
              "DataType": "",
              "DownloadTime": 156,
              "EventId": 3636,
              "HttpStatus": 204,
              "Size": 0,
              "URL": "https://cmp-cdn.ghostery.com/check?os=win&hw=1&install_date=2019-05-13&ir=31&gv=8.5.8&ua=chrome&lc=1626443154&v=1297&l=ru&ss=free"
            }
          ],
          "SSLCipher": "ECDHE-RSA-AES128-GCM-SHA256",
          "SSLVersion": "TLS1.2"
        }
      ],
      "IncludeInScript": true
    },
    {
      "DomainName": "adobe.com",
      "Domains": [
        {
          "HTTPVersion": "HTTP/1.1",
          "IP": "15.188.95.229",
          "IncludeInScript": false,
          "Name": "sstats.adobe.com",
          "Port": 443,
          "Requests": [
            {
              "CompressionType": "",
              "DataType": "image/gif",
              "DownloadTime": 47,
              "EventId": 3640,
              "HttpStatus": 200,
              "Size": 43,
              "URL": "https://sstats.adobe.com/b/ss/adbcreatepdfplugin.prod/1/JS-1.6/s57125434661472?AQB=1&ndh=1&pf=1&t=5%2F8%2F2021%2018%3A23%3A13%200%20-180&fid=00190F6285391DEA-2DA511AB47960F68&ce=UTF-8&pageName=DCBrowserExt%3AOS%3Awin%3AOp&g=chrome-extension%3A%2F%2Fefaidnbmnnnibpcajpcglclefindmkaj%2F_generated_background_page.html&v1=15.1.2.6&v2=sideload&v3=prod&v4=unknown&AQE=1"
            },
            {
              "CompressionType": "",
              "DataType": "image/gif",
              "DownloadTime": 62,
              "EventId": 3633,
              "HttpStatus": 200,
              "Size": 43,
              "URL": "https://sstats.adobe.com/b/ss/adbcreatepdfplugin.prod/1/JS-1.6/s52148332394897?AQB=1&ndh=1&pf=1&t=5%2F8%2F2021%2018%3A23%3A13%200%20-180&fid=00190F6285391DEA-2DA511AB47960F68&ce=UTF-8&pageName=DCBrowserExt%3AExtension%3AStartup%3AOp&g=chrome-extension%3A%2F%2Fefaidnbmnnnibpcajpcglclefindmkaj%2F_generated_background_page.html&v1=15.1.2.6&v2=sideload&v3=prod&v4=unknown&AQE=1"
            },
            {
              "CompressionType": "",
              "DataType": "image/gif",
              "DownloadTime": 63,
              "EventId": 3622,
              "HttpStatus": 200,
              "Size": 43,
              "URL": "https://sstats.adobe.com/b/ss/adbcreatepdfplugin.prod/1/JS-1.6/s53098790518676?AQB=1&ndh=1&pf=1&t=5%2F8%2F2021%2018%3A23%3A13%200%20-180&fid=00190F6285391DEA-2DA511AB47960F68&ce=UTF-8&pageName=DCBrowserExt%3AShim%3AVersion%3AUnknown%3AOp&g=chrome-extension%3A%2F%2Fefaidnbmnnnibpcajpcglclefindmkaj%2F_generated_background_page.html&v1=15.1.2.6&v2=sideload&v3=prod&v4=not_set&s=1280x720&c=24&j=1.6&v=N&k=Y&bh=8&AQE=1"
            }
          ],
          "SSLCipher": "TLS_AES_256_GCM_SHA384",
          "SSLVersion": "TLS1.3"
        }
      ],
      "IncludeInScript": true
    },
    {
      "DomainName": "127.0.0.1",
      "Domains": [
        {
          "HTTPVersion": "HTTP/1.1",
          "IP": "127.0.0.1",
          "IncludeInScript": true,
          "Name": "127.0.0.1",
          "Port": 1080,
          "Requests": [
            {
              "CompressionType": "",
              "DataType": "text/html",
              "DownloadTime": 78,
              "EventId": 3763,
              "HttpStatus": 200,
              "Size": 3688,
              "URL": "http://127.0.0.1:1080/cgi-bin/itinerary.pl"
            },
            {
              "CompressionType": "",
              "DataType": "text/html",
              "DownloadTime": 78,
              "EventId": 3761,
              "HttpStatus": 200,
              "Size": 1482,
              "URL": "http://127.0.0.1:1080/cgi-bin/nav.pl?page=menu&in=itinerary"
            },
            {
              "CompressionType": "",
              "DataType": "text/html",
              "DownloadTime": 62,
              "EventId": 3759,
              "HttpStatus": 200,
              "Size": 4785,
              "URL": "http://127.0.0.1:1080/cgi-bin/itinerary.pl"
            },
            {
              "CompressionType": "",
              "DataType": "text/html",
              "DownloadTime": 62,
              "EventId": 3757,
              "HttpStatus": 200,
              "Size": 591,
              "URL": "http://127.0.0.1:1080/cgi-bin/welcome.pl?page=itinerary"
            },
            {
              "CompressionType": "",
              "DataType": "text/html",
              "DownloadTime": 78,
              "EventId": 3742,
              "HttpStatus": 200,
              "Size": 918,
              "URL": "http://127.0.0.1:1080/cgi-bin/login.pl?intro=true"
            },
            {
              "CompressionType": "",
              "DataType": "text/html",
              "DownloadTime": 62,
              "EventId": 3739,
              "HttpStatus": 200,
              "Size": 1482,
              "URL": "http://127.0.0.1:1080/cgi-bin/nav.pl?page=menu&in=home"
            },
            {
              "CompressionType": "",
              "DataType": "text/html",
              "DownloadTime": 94,
              "EventId": 3728,
              "HttpStatus": 200,
              "Size": 481,
              "URL": "http://127.0.0.1:1080/cgi-bin/login.pl"
            },
            {
              "CompressionType": "",
              "DataType": "text/html",
              "DownloadTime": 15,
              "EventId": 3665,
              "HttpStatus": 404,
              "Size": 209,
              "URL": "http://127.0.0.1:1080/favicon.ico"
            },
            {
              "CompressionType": "",
              "DataType": "text/html",
              "DownloadTime": 156,
              "EventId": 3642,
              "HttpStatus": 200,
              "Size": 1490,
              "URL": "http://127.0.0.1:1080/cgi-bin/nav.pl?in=home"
            },
            {
              "CompressionType": "",
              "DataType": "",
              "DownloadTime": 31,
              "EventId": 3626,
              "HttpStatus": 304,
              "Size": 0,
              "URL": "http://127.0.0.1:1080/WebTours/home.html"
            },
            {
              "CompressionType": "",
              "DataType": "text/html",
              "DownloadTime": 109,
              "EventId": 3599,
              "HttpStatus": 200,
              "Size": 686,
              "URL": "http://127.0.0.1:1080/cgi-bin/welcome.pl?signOff=true"
            },
            {
              "CompressionType": "",
              "DataType": "",
              "DownloadTime": 16,
              "EventId": 3573,
              "HttpStatus": 304,
              "Size": 0,
              "URL": "http://127.0.0.1:1080/WebTours/header.html"
            },
            {
              "CompressionType": "",
              "DataType": "",
              "DownloadTime": 15,
              "EventId": 3455,
              "HttpStatus": 304,
              "Size": 0,
              "URL": "http://127.0.0.1:1080/WebTours/"
            }
          ],
          "SSLCipher": "None",
          "SSLVersion": "None"
        }
      ],
      "IncludeInScript": true
    }
  ],
  "WebSocket": {
    "IncludeInScript": false,
    "IsScriptIncludeWebSocket": false
  },
  "NumberOfCorrelations": 1
}